{
  "accuracy": [
    0.9579545454545455,
    0.9795454545454545,
    0.9659090909090909,
    0.9829545454545454,
    0.9704545454545455
  ],
  "f1": [
    0.9581609482143769,
    0.9795249812833083,
    0.9661016743429132,
    0.9829267496608975,
    0.9702672515150397
  ],
  "auc": [
    0.9927172619047618,
    0.9966383928571427,
    0.9973258928571429,
    0.9969367559523808,
    0.9982440476190475
  ],
  "pituitary_recall": [
    0.875,
    0.925,
    0.85,
    0.925,
    0.825
  ]
}