{
  "accuracy": [
    0.9793478260869565,
    0.9586956521739131,
    0.9717391304347827,
    0.9728260869565217,
    0.9728260869565217
  ],
  "f1": [
    0.9792900130581035,
    0.958688214719444,
    0.9716166216646694,
    0.9727416448765069,
    0.9728549114387662
  ],
  "auc": [
    0.9976088169642857,
    0.9973228236607143,
    0.9960846819196427,
    0.9950313895089286,
    0.9977341424851192
  ],
  "pituitary_recall": [
    0.925,
    0.925,
    0.9375,
    0.9375,
    0.9625
  ]
}