{
  "accuracy": [
    0.966,
    0.977,
    0.977,
    0.961,
    0.977
  ],
  "f1": [
    0.9658972074275249,
    0.9770875837801751,
    0.9770307296450111,
    0.9611566895632915,
    0.9769488609270619
  ],
  "auc": [
    0.9974652777777778,
    0.9989174107142857,
    0.9976760912698412,
    0.997914806547619,
    0.9981758432539682
  ],
  "pituitary_recall": [
    0.975,
    0.975,
    0.94375,
    0.9625,
    0.96875
  ]
}