{
  "accuracy": [
    0.9777777777777777,
    0.9796296296296296,
    0.9768518518518519,
    0.9796296296296296,
    0.987037037037037
  ],
  "f1": [
    0.9777672679265715,
    0.9795886543689707,
    0.976963572973434,
    0.9797069727279216,
    0.987034115080699
  ],
  "auc": [
    0.9960159970238095,
    0.9994645337301586,
    0.9966246899801587,
    0.9987614087301587,
    0.9991228918650793
  ],
  "pituitary_recall": [
    0.9791666666666666,
    0.9958333333333333,
    0.9791666666666666,
    0.9875,
    0.9791666666666666
  ]
}