{
  "accuracy": [
    0.9803571428571428,
    0.9758928571428571,
    0.9776785714285714,
    0.975,
    0.9794642857142857
  ],
  "f1": [
    0.9802943520822367,
    0.9759620066408737,
    0.9775779676889945,
    0.9749406134490824,
    0.979479967856733
  ],
  "auc": [
    0.9988647959183674,
    0.9983258928571429,
    0.9964827806122448,
    0.9988414115646259,
    0.9983322704081632
  ],
  "pituitary_recall": [
    0.9964285714285714,
    0.9928571428571429,
    1.0,
    0.9928571428571429,
    0.9892857142857143
  ]
}