{
  "accuracy": {
    "D1_vs_D3": {
      "t_statistic": -0.03942728475647878,
      "p_value": 0.9704391091107223
    },
    "D3_vs_D4": {
      "t_statistic": -2.5599994648567455,
      "p_value": 0.06263811368843746
    },
    "D3_vs_D5": {
      "t_statistic": -1.8117109613143025,
      "p_value": 0.14426004857343114
    }
  },
  "f1": {
    "D1_vs_D3": {
      "t_statistic": -0.038423558480724304,
      "p_value": 0.9711911913593455
    },
    "D3_vs_D4": {
      "t_statistic": -2.564848983561062,
      "p_value": 0.06231738914221733
    },
    "D3_vs_D5": {
      "t_statistic": -1.8022996543188907,
      "p_value": 0.14584762420499414
    }
  },
  "auc": {
    "D1_vs_D3": {
      "t_statistic": -1.9083359038964,
      "p_value": 0.1289930641674734
    },
    "D3_vs_D4": {
      "t_statistic": 0.06324804835527982,
      "p_value": 0.9526034554142389
    },
    "D3_vs_D5": {
      "t_statistic": -0.2935909993225366,
      "p_value": 0.7836734079315275
    }
  },
  "pituitary_recall": {
    "D1_vs_D3": {
      "t_statistic": -4.469237303325265,
      "p_value": 0.011081180251779793
    },
    "D3_vs_D4": {
      "t_statistic": -3.4922722428051642,
      "p_value": 0.02507112410450333
    },
    "D3_vs_D5": {
      "t_statistic": -4.1475812764207,
      "p_value": 0.014288294411259684
    }
  }
}